school,campus,canteen,name,price,type
中山大学,南校区,学一食堂,卤鹅饭,15,米饭
中山大学,南校区,学一食堂,卤鹅叉烧饭,18,米饭
中山大学,南校区,学一食堂,油鸡叉烧饭,15,米饭
中山大学,南校区,学一食堂,豉油皇鸡腿饭,13,米饭
中山大学,南校区,学一食堂,潮式杂卤饭,15,米饭
中山大学,南校区,学一食堂,挂炉烧鸭饭,12,米饭
中山大学,南校区,学一食堂,油鸡烧鸭饭,15,米饭
中山大学,南校区,学一食堂,手撕鸡饭,12,米饭
中山大学,南校区,学一食堂,牛肉健康杂粮套餐饭,18,米饭
中山大学,南校区,学一食堂,牛肉健康荞麦面套餐饭,18,面食
中山大学,南校区,学一食堂,鲜虾健康杂粮饭,15,米饭
中山大学,南校区,学一食堂,鲜虾健康荞麦面,15,面食
中山大学,南校区,学一食堂,腊味香芋焗饭,16,米饭
中山大学,南校区,学一食堂,美味健康烤春鸡饭,16.8,米饭
中山大学,南校区,学一食堂,芝士焗鸡扒饭,15,米饭
中山大学,南校区,学一食堂,芝士鸡扒焗意粉,15,面食
中山大学,南校区,学一食堂,菠萝焗饭,15,米饭
中山大学,南校区,西北风味餐厅,土耳其烤肉拌饭,15,米饭
中山大学,南校区,西北风味餐厅,奥尔良烤鸭腿饭,15,米饭
中山大学,南校区,西北风味餐厅,奥尔良烤排腿饭,15,米饭
中山大学,南校区,西北风味餐厅,土豆黄焖鸡饭,15,米饭
中山大学,南校区,西北风味餐厅,酱香鸭饭,15,米饭
中山大学,南校区,西北风味餐厅,手撕鸡饭,15,米饭
中山大学,南校区,西北风味餐厅,蜜汁鸡饭,15,米饭
中山大学,南校区,西北风味餐厅,芝麻烤鸡饭,15,米饭
中山大学,南校区,西北风味餐厅,奥尔良烤鸡上肉饭,15,米饭
中山大学,南校区,西北风味餐厅,奥尔良烤鸡肉卷饭,15,米饭

中山大学,南校区,西北风味餐厅,牛肉砂锅,18,砂锅
中山大学,南校区,西北风味餐厅,羊排砂锅,18,砂锅
中山大学,南校区,西北风味餐厅,牛肉丸子砂锅,16,砂锅
中山大学,南校区,西北风味餐厅,鸡肉砂锅,16,砂锅
中山大学,南校区,西北风味餐厅,鸡蛋砂锅,13,砂锅
中山大学,南校区,西北风味餐厅,鱼块砂锅,16,砂锅

中山大学,南校区,西北风味餐厅,大盘鸡拌面,16,面食
中山大学,南校区,西北风味餐厅,辣子鸡拌面,16,面食
中山大学,南校区,西北风味餐厅,椒麻鸡拌面,16,面食
中山大学,南校区,西北风味餐厅,牛肉炒刀削面,16,面食
中山大学,南校区,西北风味餐厅,牛肉炒拉面,16,面食
中山大学,南校区,西北风味餐厅,过油肉拌面,18,面食
中山大学,南校区,西北风味餐厅,红烧牛肉拌面,18,面食
中山大学,南校区,西北风味餐厅,土豆牛肉拌面,18,面食
中山大学,南校区,西北风味餐厅,葱爆牛肉拌面,18,面食

中山大学,南校区,西北风味餐厅,兰州牛肉面,12,面食
中山大学,南校区,西北风味餐厅,牛肉刀削面,12,面食
中山大学,南校区,西北风味餐厅,牛肉水饺,12,其他
中山大学,南校区,西北风味餐厅,酸菜牛肉面,14,面食
中山大学,南校区,西北风味餐厅,葱油拌面,14,面食
中山大学,南校区,西北风味餐厅,番茄鸡蛋拌面,14,面食

中山大学,南校区,西北风味餐厅,腊肠煲仔饭,13,米饭
中山大学,南校区,西北风味餐厅,梅菜肉饼煲仔饭,14,米饭
中山大学,南校区,西北风味餐厅,冬菇滑鸡煲仔饭,15,米饭
中山大学,南校区,西北风味餐厅,香芋排骨煲仔饭,16,米饭
中山大学,南校区,西北风味餐厅,叉烧煲仔饭,16,米饭
中山大学,南校区,西北风味餐厅,香煎五花肉煲仔饭,16,米饭
中山大学,南校区,西北风味餐厅,瘦肉窝蛋煲仔饭,16,米饭
中山大学,南校区,西北风味餐厅,牛肉窝蛋煲仔饭,18,米饭
中山大学,南校区,西北风味餐厅,钵仔烧鸭饭,15,米饭
中山大学,南校区,西北风味餐厅,钵仔葱姜鸡饭,15,米饭
中山大学,南校区,西北风味餐厅,钵仔手撕鸡饭,15,米饭
中山大学,南校区,西北风味餐厅,钵仔叉烧饭,15,米饭
中山大学,南校区,西北风味餐厅,钵仔卤肉饭,14,米饭
中山大学,南校区,西北风味餐厅,钵仔回锅肉饭,14,米饭
中山大学,南校区,西北风味餐厅,钵仔辣子鸡饭,13,米饭
中山大学,南校区,西北风味餐厅,钵仔鸡扒饭,13,米饭

中山大学,南校区,西北风味餐厅,牛肉滑蛋饭,16,米饭
中山大学,南校区,西北风味餐厅,虾仁滑蛋饭,16,米饭
中山大学,南校区,西北风味餐厅,肉丝滑蛋饭,14,米饭
中山大学,南校区,西北风味餐厅,黑椒鸡柳滑蛋饭,14,米饭
中山大学,南校区,西北风味餐厅,玉米火腿滑蛋饭,12,米饭
中山大学,南校区,西北风味餐厅,腊肠滑蛋饭,12,米饭

中山大学,南校区,西北风味餐厅,青菜猪杂汤饭,14,米饭
中山大学,南校区,西北风味餐厅,青菜牛筋丸汤饭,15,米饭
中山大学,南校区,西北风味餐厅,枸杞叶猪杂汤饭,16,米饭
中山大学,南校区,西北风味餐厅,青菜瘦肉汤饭,14,米饭
中山大学,南校区,西北风味餐厅,青菜猪肉丸汤饭,15,米饭
中山大学,南校区,西北风味餐厅,枸杞叶瘦肉汤饭,16,米饭

中山大学,南校区,西北风味餐厅,青菜番茄汤粉/面,8,面食
中山大学,南校区,西北风味餐厅,番茄肥牛汤粉/面,16,面食
中山大学,南校区,西北风味餐厅,花椒鸡肉汤粉/面,15,面食
中山大学,南校区,西北风味餐厅,番茄牛肉汤粉/面,18,面食

中山大学,南校区,西北风味餐厅,金牌豌杂面,10,面食
中山大学,南校区,西北风味餐厅,成都担担面,10,面食
中山大学,南校区,西北风味餐厅,椒麻鸡丝拌面,13,面食
中山大学,南校区,西北风味餐厅,招牌重庆小面,9,面食
中山大学,南校区,西北风味餐厅,骨汤杂酱面,12,面食
中山大学,南校区,西北风味餐厅,老坛酸菜肉丝面,13,面食
中山大学,南校区,西北风味餐厅,杂酱酸辣粉,15,粉类
中山大学,南校区,西北风味餐厅,抄手+小面套餐,16,面食
中山大学,南校区,西北风味餐厅,红油抄手,12,其他

中山大学,南校区,西北风味餐厅,水煮肉片饭,13,米饭
中山大学,南校区,西北风味餐厅,水煮鱼片饭,15,米饭
中山大学,南校区,西北风味餐厅,水煮牛肉饭,18,米饭
中山大学,南校区,西北风味餐厅,藤椒酸菜鱼饭,16,米饭
中山大学,南校区,西北风味餐厅,金酸汤肥牛饭,18,米饭
中山大学,南校区,西北风味餐厅,金酸汤肉片饭,13,米饭
中山大学,南校区,西北风味餐厅,金酸汤牛肉饭,18,米饭
中山大学,南校区,西北风味餐厅,金酸汤鱼片饭,15,米饭
中山大学,南校区,西北风味餐厅,番茄肥牛饭,18,米饭
中山大学,南校区,西北风味餐厅,番茄牛肉饭,18,米饭

中山大学,南校区,西北风味餐厅,萝卜牛腩饭,18,米饭
中山大学,南校区,西北风味餐厅,萝卜牛杂饭,16,米饭
中山大学,南校区,西北风味餐厅,台式卤肉饭,13.8,米饭
中山大学,南校区,西北风味餐厅,隆江猪脚饭,13.8,米饭
中山大学,南校区,西北风味餐厅,卤鸡腿饭,13.8,米饭
中山大学,南校区,西北风味餐厅,紫苏鸭腿饭,15,米饭
中山大学,南校区,西北风味餐厅,梅菜焖肉饭,13.8,米饭
中山大学,南校区,西北风味餐厅,秘酱排骨饭,17,米饭
中山大学,南校区,西北风味餐厅,三杯鸡饭,15,米饭
中山大学,南校区,西北风味餐厅,咖喱鱼蛋饭,13.8,米饭